{
  "start": 1764237119.1264403,
  "end": 1764237292.1199136,
  "duration_sec": 172.9934732913971,
  "poses": {
    "Tadasana": 281,
    "Trikonasana": 101,
    "Virabhadrasana II": 17
  },
  "scriptures": [
    "ys_1_2_stillness",
    "ram_bhakti",
    "bg_2_48_balance"
  ],
  "hari_om": 0
}